Local time,Open,High,Low,Close,Volume
29.05.2024 00:00:00.000 GMT+0300,2361.015,2361.015,2361.015,2361.015,0
29.05.2024 01:00:00.000 GMT+0300,2360.185,2362.105,2357.935,2359.055,402489.99
29.05.2024 02:00:00.000 GMT+0300,2359.055,2360.765,2357.965,2359.685,607699.9903
29.05.2024 03:00:00.000 GMT+0300,2359.495,2360.915,2357.215,2357.715,1000229.9547
29.05.2024 04:00:00.000 GMT+0300,2357.715,2359.355,2355.568,2356.348,2226530.0751
29.05.2024 05:00:00.000 GMT+0300,2356.335,2360.748,2354.288,2355.515,1659129.9772
29.05.2024 06:00:00.000 GMT+0300,2355.515,2359.025,2355.195,2358.045,1108489.9902
29.05.2024 07:00:00.000 GMT+0300,2358.075,2358.925,2356.728,2358.138,487729.9964
29.05.2024 08:00:00.000 GMT+0300,2358.235,2361.275,2356.398,2356.648,1936669.9457
29.05.2024 09:00:00.000 GMT+0300,2356.605,2356.635,2350.975,2355.695,1773689.9853
29.05.2024 10:00:00.000 GMT+0300,2355.695,2356.058,2349.925,2350.425,2070480.1083
29.05.2024 11:00:00.000 GMT+0300,2350.405,2351.715,2344.795,2345.375,2762459.9934
29.05.2024 12:00:00.000 GMT+0300,2345.405,2346.084,2340.758,2345.634,2314260.006
29.05.2024 13:00:00.000 GMT+0300,2345.608,2347.118,2342.975,2346.395,1384930.0146
29.05.2024 14:00:00.000 GMT+0300,2346.345,2346.905,2338.435,2341.585,2279380.0831
29.05.2024 15:00:00.000 GMT+0300,2341.495,2343.638,2334.438,2337.535,2607079.9828
29.05.2024 16:00:00.000 GMT+0300,2337.685,2347.065,2335.768,2345.545,5312950.1343
29.05.2024 17:00:00.000 GMT+0300,2345.555,2346.335,2341.355,2343.365,3360150.0988
29.05.2024 18:00:00.000 GMT+0300,2343.365,2343.615,2336.635,2339.048,2336179.9717
29.05.2024 19:00:00.000 GMT+0300,2339.038,2341.808,2335.895,2341.808,2461040.02
29.05.2024 20:00:00.000 GMT+0300,2341.724,2344.158,2339.235,2343.598,2346050.024
29.05.2024 21:00:00.000 GMT+0300,2343.528,2344.198,2337.938,2338.118,1735430.0022
29.05.2024 22:00:00.000 GMT+0300,2338.095,2339.218,2336.225,2336.648,1317780.0179
29.05.2024 23:00:00.000 GMT+0300,2336.675,2338.575,2335.785,2337.755,797850.0128
30.05.2024 00:00:00.000 GMT+0300,2337.755,2337.755,2337.755,2337.755,0
30.05.2024 01:00:00.000 GMT+0300,2337.098,2339.105,2336.845,2337.495,448689.9972
30.05.2024 02:00:00.000 GMT+0300,2337.508,2338.985,2337.428,2338.285,682590.0078
30.05.2024 03:00:00.000 GMT+0300,2338.235,2338.285,2333.898,2336.748,1333639.9794
30.05.2024 04:00:00.000 GMT+0300,2336.748,2339.758,2333.000,2333.918,2163800.0011
30.05.2024 05:00:00.000 GMT+0300,2333.875,2336.465,2327.885,2330.725,2069149.971
30.05.2024 06:00:00.000 GMT+0300,2330.765,2334.955,2329.005,2334.268,2750750.0648
30.05.2024 07:00:00.000 GMT+0300,2334.255,2337.035,2333.925,2335.175,992479.98
30.05.2024 08:00:00.000 GMT+0300,2335.155,2335.688,2322.458,2324.775,2176440.9542
30.05.2024 09:00:00.000 GMT+0300,2324.855,2332.975,2323.868,2332.735,2984289.8846
30.05.2024 10:00:00.000 GMT+0300,2332.735,2337.588,2332.155,2334.255,2110709.9056
30.05.2024 11:00:00.000 GMT+0300,2334.355,2335.688,2331.785,2334.918,2312720.0603
30.05.2024 12:00:00.000 GMT+0300,2334.915,2337.885,2331.535,2333.075,2188649.8928
30.05.2024 13:00:00.000 GMT+0300,2333.075,2340.795,2330.455,2340.545,2214129.9248
30.05.2024 14:00:00.000 GMT+0300,2340.545,2340.555,2335.125,2335.748,2071099.9966
30.05.2024 15:00:00.000 GMT+0300,2335.745,2345.105,2331.895,2341.178,5518410.2058
30.05.2024 16:00:00.000 GMT+0300,2341.165,2348.465,2339.635,2348.465,6100510.1204
30.05.2024 17:00:00.000 GMT+0300,2348.475,2351.698,2342.628,2343.995,5400670.0516
30.05.2024 18:00:00.000 GMT+0300,2343.995,2345.598,2341.655,2343.738,3308399.9157
30.05.2024 19:00:00.000 GMT+0300,2343.738,2347.908,2340.764,2347.735,1856400.013
30.05.2024 20:00:00.000 GMT+0300,2347.755,2348.755,2342.735,2344.338,1610010.0279
30.05.2024 21:00:00.000 GMT+0300,2344.338,2344.468,2341.185,2342.478,1816130.0421
30.05.2024 22:00:00.000 GMT+0300,2342.395,2342.498,2339.795,2341.428,1991400.0034
30.05.2024 23:00:00.000 GMT+0300,2341.425,2343.525,2341.335,2342.875,609969.9736
31.05.2024 00:00:00.000 GMT+0300,2342.875,2342.875,2342.875,2342.875,0
31.05.2024 01:00:00.000 GMT+0300,2344.705,2344.915,2341.845,2344.005,623600.0061
31.05.2024 02:00:00.000 GMT+0300,2343.995,2346.275,2343.058,2343.864,653620.0047
31.05.2024 03:00:00.000 GMT+0300,2343.865,2347.378,2342.378,2346.158,1139430.0461
31.05.2024 04:00:00.000 GMT+0300,2346.178,2347.524,2342.985,2346.465,2687789.917
31.05.2024 05:00:00.000 GMT+0300,2346.465,2347.608,2342.175,2342.428,1548130.0354
31.05.2024 06:00:00.000 GMT+0300,2342.448,2343.595,2336.845,2343.595,1530480.0272
31.05.2024 07:00:00.000 GMT+0300,2343.595,2345.395,2340.855,2343.985,1251690.0301
31.05.2024 08:00:00.000 GMT+0300,2343.985,2344.768,2341.575,2342.305,1497889.9956
31.05.2024 09:00:00.000 GMT+0300,2342.315,2346.945,2341.865,2345.695,2052010.0594
31.05.2024 10:00:00.000 GMT+0300,2345.685,2345.705,2339.825,2340.295,2129349.947
31.05.2024 11:00:00.000 GMT+0300,2340.315,2343.735,2339.615,2343.135,1502220.0346
31.05.2024 12:00:00.000 GMT+0300,2343.095,2344.345,2340.885,2342.035,1290969.9678
31.05.2024 13:00:00.000 GMT+0300,2342.035,2344.385,2341.445,2343.875,1291759.9678
31.05.2024 14:00:00.000 GMT+0300,2343.905,2344.785,2342.525,2343.725,1040969.9678
31.05.2024 15:00:00.000 GMT+0300,2343.705,2356.675,2342.325,2354.665,3769399.8814
31.05.2024 16:00:00.000 GMT+0300,2354.545,2359.598,2343.285,2348.025,6192100.0481
31.05.2024 17:00:00.000 GMT+0300,2348.055,2348.945,2334.018,2335.095,6677090.168
31.05.2024 18:00:00.000 GMT+0300,2335.135,2336.045,2327.625,2329.978,6290579.7958
31.05.2024 19:00:00.000 GMT+0300,2329.925,2336.618,2329.625,2332.765,2853440.0463
31.05.2024 20:00:00.000 GMT+0300,2332.725,2333.688,2323.835,2325.848,4346849.9184
31.05.2024 21:00:00.000 GMT+0300,2325.855,2327.125,2322.275,2322.818,3103080.0343
31.05.2024 22:00:00.000 GMT+0300,2322.785,2328.155,2320.395,2327.588,2071779.9664
31.05.2024 23:00:00.000 GMT+0300,2327.525,2330.495,2326.915,2326.995,990920.0072
03.06.2024 01:00:00.000 GMT+0300,2327.425,2329.315,2323.205,2326.275,480569.9885
03.06.2024 02:00:00.000 GMT+0300,2326.325,2326.658,2323.915,2325.748,589269.9957
03.06.2024 03:00:00.000 GMT+0300,2325.795,2327.395,2323.898,2327.005,865980.0291
03.06.2024 04:00:00.000 GMT+0300,2326.985,2331.005,2326.048,2330.645,2280550.0031
03.06.2024 05:00:00.000 GMT+0300,2330.665,2330.855,2325.438,2326.228,2173830.0323
03.06.2024 06:00:00.000 GMT+0300,2326.205,2328.015,2320.785,2321.285,1547510.0279
03.06.2024 07:00:00.000 GMT+0300,2321.335,2322.395,2319.895,2321.205,805379.9868
03.06.2024 08:00:00.000 GMT+0300,2321.225,2323.605,2315.215,2320.085,2141380.0716
03.06.2024 09:00:00.000 GMT+0300,2320.045,2322.705,2314.635,2322.285,3526380.0621
03.06.2024 10:00:00.000 GMT+0300,2322.285,2328.755,2322.095,2325.845,2352720.0222
03.06.2024 11:00:00.000 GMT+0300,2325.845,2328.415,2324.658,2325.375,2349550.0088
03.06.2024 12:00:00.000 GMT+0300,2325.375,2328.585,2324.308,2327.698,3225879.9076
03.06.2024 13:00:00.000 GMT+0300,2327.615,2333.128,2326.055,2330.678,3362570.0474
03.06.2024 14:00:00.000 GMT+0300,2330.614,2332.268,2328.825,2329.868,3925199.9855
03.06.2024 15:00:00.000 GMT+0300,2329.868,2334.288,2325.535,2333.888,4694049.8352
03.06.2024 16:00:00.000 GMT+0300,2333.805,2336.605,2329.685,2333.198,5410580.1582
03.06.2024 17:00:00.000 GMT+0300,2333.138,2345.575,2333.138,2341.618,6486959.9342
03.06.2024 18:00:00.000 GMT+0300,2341.534,2344.085,2335.358,2342.675,4797049.9992
03.06.2024 19:00:00.000 GMT+0300,2342.675,2350.105,2341.235,2349.055,4354450.2258
03.06.2024 20:00:00.000 GMT+0300,2349.065,2354.565,2345.958,2348.275,2951139.9269
03.06.2024 21:00:00.000 GMT+0300,2348.298,2349.335,2346.428,2348.138,2336380.0049
03.06.2024 22:00:00.000 GMT+0300,2348.188,2348.978,2344.605,2347.588,2320689.9166
03.06.2024 23:00:00.000 GMT+0300,2347.555,2351.018,2346.865,2350.405,633289.9928
04.06.2024 00:00:00.000 GMT+0300,2350.405,2350.405,2350.405,2350.405,0
04.06.2024 01:00:00.000 GMT+0300,2350.495,2352.005,2349.965,2350.645,358319.9978
04.06.2024 02:00:00.000 GMT+0300,2350.625,2350.955,2349.655,2350.488,571420.0139
04.06.2024 03:00:00.000 GMT+0300,2350.485,2352.645,2349.995,2350.508,1402050.0183
04.06.2024 04:00:00.000 GMT+0300,2350.475,2352.195,2343.068,2346.955,3580389.9765
04.06.2024 05:00:00.000 GMT+0300,2347.005,2349.495,2345.558,2346.778,1147809.9823
04.06.2024 06:00:00.000 GMT+0300,2346.725,2346.818,2343.965,2345.578,1216070.056
04.06.2024 07:00:00.000 GMT+0300,2345.578,2349.768,2344.958,2349.188,776830.0176
04.06.2024 08:00:00.000 GMT+0300,2349.155,2349.475,2347.125,2347.605,1093989.9683
04.06.2024 09:00:00.000 GMT+0300,2347.615,2351.675,2344.168,2344.365,1827139.9736
04.06.2024 10:00:00.000 GMT+0300,2344.385,2345.015,2339.008,2339.585,2134030.1037
04.06.2024 11:00:00.000 GMT+0300,2339.605,2339.625,2332.185,2333.225,2367830.0381
04.06.2024 12:00:00.000 GMT+0300,2333.235,2334.155,2326.615,2329.708,4463389.8735
04.06.2024 13:00:00.000 GMT+0300,2329.775,2334.705,2329.000,2329.088,3774295.0916
04.06.2024 14:00:00.000 GMT+0300,2329.058,2329.635,2325.400,2327.865,3111449.9569
04.06.2024 15:00:00.000 GMT+0300,2327.865,2335.845,2326.565,2334.968,4343269.825
04.06.2024 16:00:00.000 GMT+0300,2334.965,2337.925,2322.028,2324.175,5540619.8502
04.06.2024 17:00:00.000 GMT+0300,2324.015,2332.335,2315.508,2317.505,7711800.0984
04.06.2024 18:00:00.000 GMT+0300,2317.575,2328.605,2317.335,2325.968,5493279.9339
04.06.2024 19:00:00.000 GMT+0300,2325.955,2329.468,2322.395,2323.768,3488399.9825
04.06.2024 20:00:00.000 GMT+0300,2323.805,2330.198,2323.615,2328.635,4764850.1396
04.06.2024 21:00:00.000 GMT+0300,2328.635,2329.625,2325.945,2328.168,2966749.9065
04.06.2024 22:00:00.000 GMT+0300,2328.145,2328.288,2325.885,2327.128,2235660.0761
04.06.2024 23:00:00.000 GMT+0300,2327.115,2327.608,2325.925,2326.675,626489.9969
05.06.2024 00:00:00.000 GMT+0300,2326.675,2326.675,2326.675,2326.675,0
05.06.2024 01:00:00.000 GMT+0300,2325.918,2328.228,2325.918,2327.605,351209.9981
05.06.2024 02:00:00.000 GMT+0300,2327.605,2328.788,2327.415,2328.668,613619.9832
05.06.2024 03:00:00.000 GMT+0300,2328.678,2329.538,2327.585,2328.055,1344650.0301
05.06.2024 04:00:00.000 GMT+0300,2328.078,2330.778,2325.785,2330.305,1907349.9441
05.06.2024 05:00:00.000 GMT+0300,2330.324,2333.368,2329.765,2333.254,1889080.0476
05.06.2024 06:00:00.000 GMT+0300,2333.234,2337.748,2332.888,2337.048,1302989.9597
05.06.2024 07:00:00.000 GMT+0300,2337.048,2338.125,2335.735,2337.895,814649.9991
05.06.2024 08:00:00.000 GMT+0300,2337.895,2341.535,2337.205,2337.205,1999500.0362
05.06.2024 09:00:00.000 GMT+0300,2337.228,2338.375,2327.945,2332.595,2846489.9063
05.06.2024 10:00:00.000 GMT+0300,2332.595,2333.615,2329.015,2331.485,2427129.9839
05.06.2024 11:00:00.000 GMT+0300,2331.465,2334.995,2331.245,2332.545,1896520.0186
05.06.2024 12:00:00.000 GMT+0300,2332.555,2333.785,2330.885,2332.195,1913149.9529
05.06.2024 13:00:00.000 GMT+0300,2332.178,2335.434,2329.348,2333.625,2450870.0371
05.06.2024 14:00:00.000 GMT+0300,2333.615,2335.405,2330.975,2332.435,1520349.9794
05.06.2024 15:00:00.000 GMT+0300,2332.435,2343.975,2332.078,2342.035,5454030.0369
05.06.2024 16:00:00.000 GMT+0300,2342.018,2345.828,2338.065,2345.208,4252230.1674
05.06.2024 17:00:00.000 GMT+0300,2344.905,2350.175,2333.945,2348.898,5861559.8679
05.06.2024 18:00:00.000 GMT+0300,2348.928,2357.278,2348.885,2353.575,5650869.8463
05.06.2024 19:00:00.000 GMT+0300,2353.615,2354.878,2351.238,2352.468,2648289.9189
05.06.2024 20:00:00.000 GMT+0300,2352.468,2355.638,2351.555,2355.008,2975080.0133
05.06.2024 21:00:00.000 GMT+0300,2354.975,2356.628,2353.385,2355.698,2019419.9085
05.06.2024 22:00:00.000 GMT+0300,2355.674,2356.028,2352.565,2353.928,1765630.0068
05.06.2024 23:00:00.000 GMT+0300,2353.958,2355.305,2352.778,2354.975,742929.9951
06.06.2024 00:00:00.000 GMT+0300,2354.975,2354.975,2354.975,2354.975,0
06.06.2024 01:00:00.000 GMT+0300,2355.098,2357.785,2354.948,2356.795,417930.007
06.06.2024 02:00:00.000 GMT+0300,2356.795,2357.365,2354.675,2354.935,541679.9784
06.06.2024 03:00:00.000 GMT+0300,2354.935,2355.885,2354.408,2355.635,814289.9871
06.06.2024 04:00:00.000 GMT+0300,2355.585,2373.028,2355.468,2367.324,3581259.9659
06.06.2024 05:00:00.000 GMT+0300,2367.265,2374.568,2364.985,2374.228,2445580.0056
06.06.2024 06:00:00.000 GMT+0300,2374.415,2374.805,2367.505,2368.328,1640679.9555
06.06.2024 07:00:00.000 GMT+0300,2368.328,2370.418,2366.788,2369.288,1159060.0014
06.06.2024 08:00:00.000 GMT+0300,2369.285,2371.268,2366.225,2367.685,1542400.0025
06.06.2024 09:00:00.000 GMT+0300,2367.685,2367.878,2362.988,2366.948,2550879.9553
06.06.2024 10:00:00.000 GMT+0300,2366.915,2368.208,2362.045,2362.785,1978719.9497
06.06.2024 11:00:00.000 GMT+0300,2362.755,2363.085,2359.675,2362.778,1584059.9537
06.06.2024 12:00:00.000 GMT+0300,2362.745,2363.778,2358.395,2361.435,1863440.0368
06.06.2024 13:00:00.000 GMT+0300,2361.435,2361.848,2359.355,2360.948,1764269.948
06.06.2024 14:00:00.000 GMT+0300,2360.955,2361.865,2359.048,2359.705,2246119.976
06.06.2024 15:00:00.000 GMT+0300,2359.665,2364.985,2355.115,2357.405,5117010.1166
06.06.2024 16:00:00.000 GMT+0300,2357.425,2366.898,2353.305,2360.395,5396110.0578
06.06.2024 17:00:00.000 GMT+0300,2360.435,2366.195,2358.378,2364.125,3925460.1002
06.06.2024 18:00:00.000 GMT+0300,2364.115,2378.408,2363.945,2374.128,6229640.007
06.06.2024 19:00:00.000 GMT+0300,2374.128,2376.805,2370.255,2372.725,3720560.0739
06.06.2024 20:00:00.000 GMT+0300,2372.735,2373.878,2370.555,2373.005,1770370.0066
06.06.2024 21:00:00.000 GMT+0300,2373.005,2373.568,2368.895,2372.015,1849290.0133
06.06.2024 22:00:00.000 GMT+0300,2372.015,2375.318,2371.078,2372.428,2048039.9132
06.06.2024 23:00:00.000 GMT+0300,2372.425,2376.225,2372.258,2375.375,712849.9746
07.06.2024 00:00:00.000 GMT+0300,2375.375,2375.375,2375.375,2375.375,0
07.06.2024 01:00:00.000 GMT+0300,2374.968,2376.945,2374.968,2376.835,263980.0012
07.06.2024 02:00:00.000 GMT+0300,2376.775,2378.015,2376.144,2376.718,735279.9773
07.06.2024 03:00:00.000 GMT+0300,2376.675,2379.065,2375.908,2378.305,1834570.0502
07.06.2024 04:00:00.000 GMT+0300,2378.385,2379.895,2370.038,2370.935,2683379.8885
07.06.2024 05:00:00.000 GMT+0300,2370.955,2378.095,2369.278,2376.475,2279180.0499
07.06.2024 06:00:00.000 GMT+0300,2376.475,2381.845,2375.005,2380.085,1206920.0277
07.06.2024 07:00:00.000 GMT+0300,2380.025,2387.355,2379.115,2386.555,1159360.0512
07.06.2024 08:00:00.000 GMT+0300,2386.545,2387.595,2374.905,2375.805,3814049.9592
07.06.2024 09:00:00.000 GMT+0300,2375.805,2377.695,2372.815,2375.295,3167269.9451
07.06.2024 10:00:00.000 GMT+0300,2375.295,2379.235,2372.738,2373.445,2641875.0286
07.06.2024 11:00:00.000 GMT+0300,2373.415,2373.765,2342.424,2347.195,6117074.9664
07.06.2024 12:00:00.000 GMT+0300,2347.105,2347.815,2337.295,2339.225,5664659.977
07.06.2024 13:00:00.000 GMT+0300,2339.225,2339.225,2331.908,2333.505,4030179.9774
07.06.2024 14:00:00.000 GMT+0300,2333.505,2339.285,2330.965,2336.485,3190089.941
07.06.2024 15:00:00.000 GMT+0300,2336.468,2339.255,2313.404,2319.205,6550250.0534
07.06.2024 16:00:00.000 GMT+0300,2319.185,2327.885,2304.875,2309.405,7910369.873
07.06.2024 17:00:00.000 GMT+0300,2309.415,2321.005,2307.535,2313.255,5557839.8705
07.06.2024 18:00:00.000 GMT+0300,2313.265,2315.445,2304.415,2304.918,5007450.1038
07.06.2024 19:00:00.000 GMT+0300,2304.905,2314.445,2302.948,2311.545,2507849.9317
07.06.2024 20:00:00.000 GMT+0300,2311.645,2312.265,2303.568,2305.368,1605190.0387
07.06.2024 21:00:00.000 GMT+0300,2305.455,2307.085,2299.865,2301.425,1312844.9917
07.06.2024 22:00:00.000 GMT+0300,2301.425,2301.425,2287.528,2288.195,1650329.9475
07.06.2024 23:00:00.000 GMT+0300,2288.115,2294.205,2286.628,2293.415,988089.9787
10.06.2024 01:00:00.000 GMT+0300,2294.415,2298.295,2288.755,2297.275,734669.9834
10.06.2024 02:00:00.000 GMT+0300,2297.265,2300.038,2296.358,2298.328,892099.9765
10.06.2024 03:00:00.000 GMT+0300,2298.315,2299.685,2294.035,2296.865,1219840.0497
10.06.2024 04:00:00.000 GMT+0300,2296.865,2297.838,2293.835,2297.495,1017099.9765
10.06.2024 05:00:00.000 GMT+0300,2297.495,2301.128,2295.358,2296.118,1265419.96
10.06.2024 06:00:00.000 GMT+0300,2296.105,2297.618,2294.758,2295.178,861050.0097
10.06.2024 07:00:00.000 GMT+0300,2295.178,2295.665,2292.615,2294.695,802290.0224
10.06.2024 08:00:00.000 GMT+0300,2294.695,2297.165,2292.025,2295.578,1193259.9545
10.06.2024 09:00:00.000 GMT+0300,2295.575,2296.415,2287.665,2291.065,2535579.9198
10.06.2024 10:00:00.000 GMT+0300,2291.085,2297.115,2290.395,2296.405,2865649.9386
10.06.2024 11:00:00.000 GMT+0300,2296.405,2297.398,2292.348,2292.548,1569689.9891
10.06.2024 12:00:00.000 GMT+0300,2292.538,2297.385,2291.705,2295.195,2272079.9446
10.06.2024 13:00:00.000 GMT+0300,2295.195,2298.705,2295.195,2298.405,2102829.9332
10.06.2024 14:00:00.000 GMT+0300,2298.485,2305.175,2297.798,2304.975,2660599.947
10.06.2024 15:00:00.000 GMT+0300,2304.975,2308.605,2303.025,2306.075,2394119.978
10.06.2024 16:00:00.000 GMT+0300,2306.065,2307.735,2300.235,2305.575,3510839.9391
10.06.2024 17:00:00.000 GMT+0300,2305.705,2307.125,2301.725,2302.638,2886840.1051
10.06.2024 18:00:00.000 GMT+0300,2302.638,2308.528,2301.205,2307.228,2987920.0459
10.06.2024 19:00:00.000 GMT+0300,2307.525,2313.655,2306.855,2312.838,2532579.8988
10.06.2024 20:00:00.000 GMT+0300,2312.808,2313.308,2308.965,2311.788,1373669.982
10.06.2024 21:00:00.000 GMT+0300,2311.788,2311.938,2309.755,2310.848,1303120.0171
10.06.2024 22:00:00.000 GMT+0300,2310.805,2312.168,2308.568,2308.638,1417250.0372
10.06.2024 23:00:00.000 GMT+0300,2308.645,2310.955,2308.395,2310.645,485810.0116
11.06.2024 00:00:00.000 GMT+0300,2310.645,2310.645,2310.645,2310.645,0
11.06.2024 01:00:00.000 GMT+0300,2311.954,2312.385,2309.545,2309.545,290320.009
11.06.2024 02:00:00.000 GMT+0300,2309.575,2310.478,2308.675,2309.798,499980.0026
11.06.2024 03:00:00.000 GMT+0300,2309.825,2311.835,2308.965,2310.735,1097949.9817
11.06.2024 04:00:00.000 GMT+0300,2310.674,2310.674,2301.515,2302.718,3217089.8914
11.06.2024 05:00:00.000 GMT+0300,2302.688,2303.525,2298.625,2301.775,2158839.941
11.06.2024 06:00:00.000 GMT+0300,2301.785,2304.275,2300.645,2303.528,1665670.0373
11.06.2024 07:00:00.000 GMT+0300,2303.515,2303.858,2301.335,2303.465,808109.9987
11.06.2024 08:00:00.000 GMT+0300,2303.445,2304.268,2297.595,2299.445,1510589.9572
11.06.2024 09:00:00.000 GMT+0300,2299.465,2304.525,2298.605,2301.995,2412960.0525
11.06.2024 10:00:00.000 GMT+0300,2301.975,2305.325,2301.565,2304.425,2207880.0201
11.06.2024 11:00:00.000 GMT+0300,2304.445,2307.708,2303.115,2305.915,1632820.0102
11.06.2024 12:00:00.000 GMT+0300,2305.945,2307.298,2301.425,2306.265,1723610.0435
11.06.2024 13:00:00.000 GMT+0300,2306.298,2308.738,2305.155,2307.738,2044359.9224
11.06.2024 14:00:00.000 GMT+0300,2307.755,2308.145,2305.325,2307.545,2528980.0167
11.06.2024 15:00:00.000 GMT+0300,2307.515,2319.865,2307.505,2317.805,4050990.1047
11.06.2024 16:00:00.000 GMT+0300,2317.835,2319.445,2309.138,2314.505,6422329.9026
11.06.2024 17:00:00.000 GMT+0300,2314.464,2317.685,2312.285,2314.668,3728260.0403
11.06.2024 18:00:00.000 GMT+0300,2314.645,2315.815,2309.838,2310.018,3675884.9621
11.06.2024 19:00:00.000 GMT+0300,2310.018,2312.228,2305.795,2308.435,1922670.0068
11.06.2024 20:00:00.000 GMT+0300,2308.535,2313.368,2307.785,2312.675,1656200.0513
11.06.2024 21:00:00.000 GMT+0300,2312.685,2315.605,2312.035,2313.738,1808390.0213
11.06.2024 22:00:00.000 GMT+0300,2313.614,2315.568,2312.375,2315.218,1838870.0485
11.06.2024 23:00:00.000 GMT+0300,2315.248,2316.945,2314.625,2316.515,594500.0052
12.06.2024 00:00:00.000 GMT+0300,2316.515,2316.515,2316.515,2316.515,0
12.06.2024 01:00:00.000 GMT+0300,2316.405,2317.508,2315.045,2316.728,448260.0093
12.06.2024 02:00:00.000 GMT+0300,2316.828,2317.325,2313.835,2315.008,696829.9747
12.06.2024 03:00:00.000 GMT+0300,2315.055,2315.588,2313.325,2313.628,931389.9875
12.06.2024 04:00:00.000 GMT+0300,2313.605,2315.058,2310.685,2314.258,2730170.0115
12.06.2024 05:00:00.000 GMT+0300,2314.235,2315.405,2310.584,2313.518,1575710.0582
12.06.2024 06:00:00.000 GMT+0300,2313.475,2316.625,2313.425,2313.915,1566310.0481
12.06.2024 07:00:00.000 GMT+0300,2313.915,2314.228,2312.324,2312.565,704280.0188
12.06.2024 08:00:00.000 GMT+0300,2312.575,2315.285,2312.345,2314.905,1261870.0266
12.06.2024 09:00:00.000 GMT+0300,2314.905,2317.645,2313.675,2314.718,2303529.9778
12.06.2024 10:00:00.000 GMT+0300,2314.705,2315.368,2311.025,2314.445,1292880.0583
12.06.2024 11:00:00.000 GMT+0300,2314.445,2315.628,2310.665,2312.685,1485589.9811
12.06.2024 12:00:00.000 GMT+0300,2312.658,2315.338,2312.065,2313.938,1130239.9635
12.06.2024 13:00:00.000 GMT+0300,2313.945,2314.665,2312.128,2313.325,1275490.0455
12.06.2024 14:00:00.000 GMT+0300,2313.295,2314.668,2312.145,2312.828,2015990.0188
12.06.2024 15:00:00.000 GMT+0300,2312.745,2337.505,2311.465,2335.788,7534049.9878
12.06.2024 16:00:00.000 GMT+0300,2335.824,2341.495,2324.898,2329.735,8760129.9286
12.06.2024 17:00:00.000 GMT+0300,2329.695,2329.795,2319.955,2325.185,7211259.8419
12.06.2024 18:00:00.000 GMT+0300,2325.205,2337.005,2324.555,2335.475,6530660.1524
12.06.2024 19:00:00.000 GMT+0300,2335.475,2338.038,2333.015,2337.538,4142680.1682
12.06.2024 20:00:00.000 GMT+0300,2337.558,2339.408,2332.665,2334.578,4334640.0261
12.06.2024 21:00:00.000 GMT+0300,2334.498,2334.498,2319.298,2322.605,7964590.0726
12.06.2024 22:00:00.000 GMT+0300,2322.615,2324.528,2315.755,2321.215,5510950.0885
12.06.2024 23:00:00.000 GMT+0300,2321.235,2324.925,2320.205,2324.675,1117730.0215
13.06.2024 00:00:00.000 GMT+0300,2324.675,2324.675,2324.675,2324.675,0
13.06.2024 01:00:00.000 GMT+0300,2324.305,2325.398,2321.575,2321.785,555090.0102
13.06.2024 02:00:00.000 GMT+0300,2321.795,2322.225,2320.145,2320.448,862049.9969
13.06.2024 03:00:00.000 GMT+0300,2320.445,2322.815,2317.494,2320.645,1693740.0103
13.06.2024 04:00:00.000 GMT+0300,2320.675,2321.425,2307.985,2312.565,3179919.9581
13.06.2024 05:00:00.000 GMT+0300,2312.565,2316.008,2310.525,2314.008,1338850.0214
13.06.2024 06:00:00.000 GMT+0300,2314.008,2316.165,2312.475,2314.138,1731359.9586
13.06.2024 07:00:00.000 GMT+0300,2314.085,2314.658,2309.175,2311.685,845120.0128
13.06.2024 08:00:00.000 GMT+0300,2311.685,2312.158,2308.855,2311.525,1305629.9686
13.06.2024 09:00:00.000 GMT+0300,2311.545,2316.045,2311.095,2315.535,1696509.9573
13.06.2024 10:00:00.000 GMT+0300,2315.514,2318.525,2313.165,2316.905,2346529.9606
13.06.2024 11:00:00.000 GMT+0300,2317.005,2317.125,2313.845,2315.488,3111609.9358
13.06.2024 12:00:00.000 GMT+0300,2315.485,2318.285,2313.285,2315.355,1621330.0228
13.06.2024 13:00:00.000 GMT+0300,2315.385,2319.855,2315.185,2316.218,1760120.0342
13.06.2024 14:00:00.000 GMT+0300,2316.184,2316.528,2303.845,2306.948,3880630.0163
13.06.2024 15:00:00.000 GMT+0300,2306.935,2326.495,2305.414,2323.168,7230559.8259
13.06.2024 16:00:00.000 GMT+0300,2323.168,2324.675,2308.215,2310.635,7710050.106
13.06.2024 17:00:00.000 GMT+0300,2310.575,2314.278,2305.565,2313.435,7076509.9525
13.06.2024 18:00:00.000 GMT+0300,2313.455,2316.925,2297.645,2298.858,7607789.9933
13.06.2024 19:00:00.000 GMT+0300,2298.795,2300.205,2295.395,2299.178,4751589.7751
13.06.2024 20:00:00.000 GMT+0300,2299.155,2304.345,2298.938,2301.338,5125150.2037
13.06.2024 21:00:00.000 GMT+0300,2301.305,2303.838,2299.935,2302.948,2984309.9117
13.06.2024 22:00:00.000 GMT+0300,2302.895,2304.865,2302.598,2303.328,1472239.9712
13.06.2024 23:00:00.000 GMT+0300,2303.305,2304.238,2302.805,2303.905,520460.0096
14.06.2024 00:00:00.000 GMT+0300,2303.905,2303.905,2303.905,2303.905,0
14.06.2024 01:00:00.000 GMT+0300,2303.028,2303.954,2302.765,2302.795,356189.996
14.06.2024 02:00:00.000 GMT+0300,2302.825,2303.105,2301.648,2302.208,875689.9834
14.06.2024 03:00:00.000 GMT+0300,2302.145,2305.565,2301.415,2304.825,1131270.051
14.06.2024 04:00:00.000 GMT+0300,2304.745,2307.045,2302.948,2305.898,2087399.9596
14.06.2024 05:00:00.000 GMT+0300,2305.888,2306.955,2304.108,2306.585,1655660.0332
14.06.2024 06:00:00.000 GMT+0300,2306.565,2308.575,2304.848,2305.358,1485520.0052
14.06.2024 07:00:00.000 GMT+0300,2305.338,2306.005,2303.385,2305.815,883440.0177
14.06.2024 08:00:00.000 GMT+0300,2305.815,2311.465,2305.445,2309.765,1712280.035
14.06.2024 09:00:00.000 GMT+0300,2309.718,2312.675,2307.355,2312.565,3791810.0357
14.06.2024 10:00:00.000 GMT+0300,2312.555,2316.548,2309.265,2315.215,2888079.8817
14.06.2024 11:00:00.000 GMT+0300,2315.215,2321.525,2314.675,2317.228,3360490.0837
14.06.2024 12:00:00.000 GMT+0300,2317.245,2322.575,2315.105,2322.485,2407030.1056
14.06.2024 13:00:00.000 GMT+0300,2322.485,2332.565,2320.825,2330.405,3533720.0165
14.06.2024 14:00:00.000 GMT+0300,2330.365,2336.575,2325.985,2331.885,4857759.9525
14.06.2024 15:00:00.000 GMT+0300,2331.885,2333.258,2327.085,2330.255,4469989.7766
14.06.2024 16:00:00.000 GMT+0300,2330.225,2332.748,2324.088,2330.165,6786660.1944
14.06.2024 17:00:00.000 GMT+0300,2330.035,2335.358,2327.825,2329.944,3818900.1083
14.06.2024 18:00:00.000 GMT+0300,2329.878,2332.058,2323.945,2325.985,3157690.0482
14.06.2024 19:00:00.000 GMT+0300,2326.055,2331.808,2325.325,2328.748,2162569.9997
14.06.2024 20:00:00.000 GMT+0300,2328.795,2335.455,2328.395,2334.015,1770030.0217
14.06.2024 21:00:00.000 GMT+0300,2334.028,2335.078,2332.115,2334.588,1224380.0163
14.06.2024 22:00:00.000 GMT+0300,2334.588,2335.368,2332.058,2332.348,1599449.9922
14.06.2024 23:00:00.000 GMT+0300,2332.294,2332.898,2330.888,2332.184,601880.0139
17.06.2024 01:00:00.000 GMT+0300,2331.098,2332.488,2327.365,2328.624,735740.006
17.06.2024 02:00:00.000 GMT+0300,2328.708,2329.484,2327.228,2328.748,941259.9802
17.06.2024 03:00:00.000 GMT+0300,2328.748,2328.748,2325.095,2326.268,1851310.0147
17.06.2024 04:00:00.000 GMT+0300,2326.268,2328.815,2322.625,2326.175,2008919.9543
17.06.2024 05:00:00.000 GMT+0300,2326.138,2326.138,2321.375,2322.468,1694329.977
17.06.2024 06:00:00.000 GMT+0300,2322.374,2325.024,2321.545,2324.268,935100.019
17.06.2024 07:00:00.000 GMT+0300,2324.255,2326.128,2322.525,2323.545,758920.0139
17.06.2024 08:00:00.000 GMT+0300,2323.545,2323.545,2317.685,2318.435,1456050.0383
17.06.2024 09:00:00.000 GMT+0300,2318.435,2319.175,2315.365,2317.265,3247790.0982
17.06.2024 10:00:00.000 GMT+0300,2317.235,2320.015,2315.485,2316.848,2995179.8916
17.06.2024 11:00:00.000 GMT+0300,2316.835,2322.205,2316.318,2321.218,1894510.0307
17.06.2024 12:00:00.000 GMT+0300,2321.185,2322.535,2319.105,2319.965,1721250.0572
17.06.2024 13:00:00.000 GMT+0300,2319.965,2322.428,2319.425,2320.418,1898910.0456
17.06.2024 14:00:00.000 GMT+0300,2320.448,2321.835,2317.525,2318.078,2183370.1134
17.06.2024 15:00:00.000 GMT+0300,2318.055,2321.008,2316.595,2319.535,2455399.9901
17.06.2024 16:00:00.000 GMT+0300,2319.535,2326.128,2318.605,2320.815,2968780.0407
17.06.2024 17:00:00.000 GMT+0300,2320.835,2327.495,2318.215,2324.455,3067929.9831
17.06.2024 18:00:00.000 GMT+0300,2324.465,2325.458,2309.895,2312.455,3323740.0055
17.06.2024 19:00:00.000 GMT+0300,2312.455,2316.948,2312.455,2316.835,1624429.9412
17.06.2024 20:00:00.000 GMT+0300,2316.835,2318.268,2313.175,2316.618,1797569.9902
17.06.2024 21:00:00.000 GMT+0300,2316.648,2319.145,2316.055,2317.815,1612939.9538
17.06.2024 22:00:00.000 GMT+0300,2317.815,2320.475,2317.795,2320.075,1191959.9771
17.06.2024 23:00:00.000 GMT+0300,2320.068,2320.625,2318.358,2318.875,435779.9888
18.06.2024 00:00:00.000 GMT+0300,2318.875,2318.875,2318.875,2318.875,0
18.06.2024 01:00:00.000 GMT+0300,2318.098,2321.075,2318.098,2320.848,112080.0003
18.06.2024 02:00:00.000 GMT+0300,2320.854,2321.088,2318.995,2320.545,515320.003
18.06.2024 03:00:00.000 GMT+0300,2320.545,2325.428,2320.528,2324.008,1059949.9941
18.06.2024 04:00:00.000 GMT+0300,2324.048,2325.254,2319.108,2322.398,1722740.0541
18.06.2024 05:00:00.000 GMT+0300,2322.398,2325.535,2321.448,2324.258,1547919.9886
18.06.2024 06:00:00.000 GMT+0300,2324.235,2324.978,2323.028,2324.348,1159459.9485
18.06.2024 07:00:00.000 GMT+0300,2324.338,2324.688,2321.768,2322.415,1141540.0505
18.06.2024 08:00:00.000 GMT+0300,2322.408,2323.715,2319.315,2322.065,1268550.0383
18.06.2024 09:00:00.000 GMT+0300,2322.085,2322.645,2318.655,2320.005,1183189.9881
18.06.2024 10:00:00.000 GMT+0300,2319.955,2320.025,2314.865,2315.398,1456359.9825
18.06.2024 11:00:00.000 GMT+0300,2315.364,2315.364,2310.675,2311.188,1624565.0053
18.06.2024 12:00:00.000 GMT+0300,2311.118,2314.165,2310.718,2310.995,1590890.0499
18.06.2024 13:00:00.000 GMT+0300,2310.995,2312.285,2306.465,2308.228,1493219.9717
18.06.2024 14:00:00.000 GMT+0300,2308.228,2314.098,2306.605,2313.275,2252120.018
18.06.2024 15:00:00.000 GMT+0300,2313.275,2324.045,2311.355,2313.798,4063819.8853
18.06.2024 16:00:00.000 GMT+0300,2313.808,2327.625,2313.545,2326.635,5310810.0891
18.06.2024 17:00:00.000 GMT+0300,2326.605,2327.008,2322.075,2323.488,4126220.2263
18.06.2024 18:00:00.000 GMT+0300,2323.458,2329.685,2318.615,2326.758,4154749.8703
18.06.2024 19:00:00.000 GMT+0300,2326.768,2330.635,2326.365,2330.145,3277189.97
18.06.2024 20:00:00.000 GMT+0300,2330.185,2333.008,2328.175,2329.605,3535409.9274
18.06.2024 21:00:00.000 GMT+0300,2329.615,2331.345,2327.345,2331.155,1966740.0122
18.06.2024 22:00:00.000 GMT+0300,2331.155,2331.155,2328.345,2329.158,1413730.0253
18.06.2024 23:00:00.000 GMT+0300,2329.215,2330.485,2328.805,2329.165,384249.9852
19.06.2024 00:00:00.000 GMT+0300,2329.165,2329.165,2329.165,2329.165,0
19.06.2024 01:00:00.000 GMT+0300,2328.585,2330.215,2327.308,2328.104,336389.9887
19.06.2024 02:00:00.000 GMT+0300,2328.104,2329.495,2327.898,2328.195,256660.0144
19.06.2024 03:00:00.000 GMT+0300,2328.215,2329.788,2327.948,2329.388,718990.0279
19.06.2024 04:00:00.000 GMT+0300,2329.365,2330.865,2326.348,2330.045,1583819.9854
19.06.2024 05:00:00.000 GMT+0300,2330.045,2331.125,2328.715,2330.185,1050889.9689
19.06.2024 06:00:00.000 GMT+0300,2330.185,2331.635,2327.855,2328.145,909380.0187
19.06.2024 07:00:00.000 GMT+0300,2328.145,2328.338,2327.158,2327.875,563359.9758
19.06.2024 08:00:00.000 GMT+0300,2327.895,2330.005,2326.675,2329.208,1114130.0201
19.06.2024 09:00:00.000 GMT+0300,2329.165,2330.688,2328.335,2330.088,1322340.0116
19.06.2024 10:00:00.000 GMT+0300,2330.085,2332.555,2329.705,2331.725,1979390.0251
19.06.2024 11:00:00.000 GMT+0300,2331.725,2334.868,2331.725,2332.418,1800740.0036
19.06.2024 12:00:00.000 GMT+0300,2332.415,2332.615,2327.595,2328.028,1663920.0449
19.06.2024 13:00:00.000 GMT+0300,2328.035,2329.775,2327.275,2327.845,1423120.0218
19.06.2024 14:00:00.000 GMT+0300,2327.845,2330.968,2325.715,2330.325,1126060.009
19.06.2024 15:00:00.000 GMT+0300,2330.335,2332.835,2325.155,2328.215,2288290.0238
19.06.2024 16:00:00.000 GMT+0300,2328.235,2331.405,2326.675,2328.075,2139189.9586
19.06.2024 17:00:00.000 GMT+0300,2328.005,2328.285,2323.984,2326.058,1787750.0057
19.06.2024 18:00:00.000 GMT+0300,2326.058,2329.738,2325.155,2329.678,2169470.0718
19.06.2024 19:00:00.000 GMT+0300,2329.698,2331.278,2328.755,2329.318,1052610.0397
19.06.2024 20:00:00.000 GMT+0300,2329.295,2330.955,2329.115,2329.955,366759.9857
19.06.2024 21:00:00.000 GMT+0300,2329.995,2330.045,2327.425,2327.695,406129.986
19.06.2024 22:00:00.000 GMT+0300,2327.695,2327.695,2327.695,2327.695,0
19.06.2024 23:00:00.000 GMT+0300,2327.695,2327.695,2327.695,2327.695,0
20.06.2024 00:00:00.000 GMT+0300,2327.695,2327.695,2327.695,2327.695,0
20.06.2024 01:00:00.000 GMT+0300,2327.865,2330.515,2327.865,2330.228,305169.9996
20.06.2024 02:00:00.000 GMT+0300,2330.228,2330.228,2328.595,2329.265,275260.0014
20.06.2024 03:00:00.000 GMT+0300,2329.285,2329.725,2327.628,2329.608,755129.993
20.06.2024 04:00:00.000 GMT+0300,2329.635,2338.878,2329.635,2336.198,2691060.0662
20.06.2024 05:00:00.000 GMT+0300,2336.155,2337.258,2332.695,2333.658,1532250.0467
20.06.2024 06:00:00.000 GMT+0300,2333.615,2334.255,2332.285,2333.805,1066980.0043
20.06.2024 07:00:00.000 GMT+0300,2333.825,2340.825,2333.645,2340.375,1864289.999
20.06.2024 08:00:00.000 GMT+0300,2340.375,2344.738,2339.615,2340.138,2123019.9337
20.06.2024 09:00:00.000 GMT+0300,2340.128,2345.555,2340.018,2343.978,2249219.8944
20.06.2024 10:00:00.000 GMT+0300,2343.975,2344.875,2338.405,2338.498,2193589.9258
20.06.2024 11:00:00.000 GMT+0300,2338.485,2338.588,2332.545,2333.195,2101089.9544
20.06.2024 12:00:00.000 GMT+0300,2333.185,2335.658,2331.475,2334.518,1975999.9514
20.06.2024 13:00:00.000 GMT+0300,2334.495,2340.545,2333.345,2339.305,1478019.9528
20.06.2024 14:00:00.000 GMT+0300,2339.328,2341.268,2337.615,2339.205,2965140.1043
20.06.2024 15:00:00.000 GMT+0300,2339.198,2343.515,2335.205,2338.425,4388889.7896
20.06.2024 16:00:00.000 GMT+0300,2338.475,2349.364,2336.548,2349.208,4601059.9136
20.06.2024 17:00:00.000 GMT+0300,2349.295,2364.878,2348.805,2363.905,6767479.8965
20.06.2024 18:00:00.000 GMT+0300,2363.855,2365.375,2351.248,2353.595,3321239.9483
20.06.2024 19:00:00.000 GMT+0300,2353.585,2357.025,2352.705,2356.238,1823349.9527
20.06.2024 20:00:00.000 GMT+0300,2356.248,2357.375,2354.488,2357.245,1668190.0024
20.06.2024 21:00:00.000 GMT+0300,2357.245,2360.968,2357.168,2357.908,1788069.9635
20.06.2024 22:00:00.000 GMT+0300,2357.908,2359.788,2357.598,2358.828,1605049.9678
20.06.2024 23:00:00.000 GMT+0300,2358.858,2360.045,2358.108,2359.695,444759.9947
21.06.2024 00:00:00.000 GMT+0300,2359.695,2359.695,2359.695,2359.695,0
21.06.2024 01:00:00.000 GMT+0300,2359.298,2360.795,2357.978,2359.215,630990.0284
21.06.2024 02:00:00.000 GMT+0300,2359.215,2360.965,2358.735,2360.715,615750.0148
21.06.2024 03:00:00.000 GMT+0300,2360.728,2364.685,2360.695,2363.968,1254480.0043
21.06.2024 04:00:00.000 GMT+0300,2363.945,2364.058,2356.998,2359.528,3062510.0136
21.06.2024 05:00:00.000 GMT+0300,2359.528,2361.478,2358.025,2359.258,1528399.9443
21.06.2024 06:00:00.000 GMT+0300,2359.255,2362.018,2358.615,2362.018,1124889.9698
21.06.2024 07:00:00.000 GMT+0300,2362.035,2362.878,2360.965,2362.815,750909.9841
21.06.2024 08:00:00.000 GMT+0300,2362.795,2365.485,2362.105,2364.428,1190009.9516
21.06.2024 09:00:00.000 GMT+0300,2364.378,2364.378,2357.798,2358.308,2489559.8888
21.06.2024 10:00:00.000 GMT+0300,2358.288,2364.345,2354.995,2362.835,3229809.9995
21.06.2024 11:00:00.000 GMT+0300,2362.835,2368.015,2362.558,2365.275,3111949.9207
21.06.2024 12:00:00.000 GMT+0300,2365.275,2367.225,2362.805,2363.788,1674950.0036
21.06.2024 13:00:00.000 GMT+0300,2363.805,2364.035,2361.178,2363.535,1672359.9434
21.06.2024 14:00:00.000 GMT+0300,2363.575,2368.558,2363.415,2366.158,2795939.9223
21.06.2024 15:00:00.000 GMT+0300,2366.125,2367.978,2360.305,2360.548,3174210.0716
21.06.2024 16:00:00.000 GMT+0300,2360.538,2363.685,2334.665,2340.445,6680729.866
21.06.2024 17:00:00.000 GMT+0300,2340.325,2340.405,2328.495,2329.808,7313885.2119
21.06.2024 18:00:00.000 GMT+0300,2329.838,2334.675,2323.165,2327.828,3907588.9587
21.06.2024 19:00:00.000 GMT+0300,2327.828,2329.195,2323.575,2324.605,1904600.0242
21.06.2024 20:00:00.000 GMT+0300,2324.605,2324.995,2316.588,2319.215,2002990.0074
21.06.2024 21:00:00.000 GMT+0300,2319.215,2322.688,2316.655,2322.055,1477419.9724
21.06.2024 22:00:00.000 GMT+0300,2322.055,2323.288,2320.325,2322.068,1248070.0016
21.06.2024 23:00:00.000 GMT+0300,2322.038,2322.578,2320.685,2321.755,514310.0023
24.06.2024 01:00:00.000 GMT+0300,2322.775,2322.775,2317.635,2321.365,417840.004
24.06.2024 02:00:00.000 GMT+0300,2321.314,2321.314,2317.575,2319.085,578329.9804
24.06.2024 03:00:00.000 GMT+0300,2318.995,2321.588,2317.818,2320.825,1517150.0444
24.06.2024 04:00:00.000 GMT+0300,2320.885,2326.265,2318.888,2323.498,2718499.8989
24.06.2024 05:00:00.000 GMT+0300,2323.485,2325.105,2319.495,2324.655,2749730.1102
24.06.2024 06:00:00.000 GMT+0300,2324.615,2326.578,2324.205,2325.335,1155320.0483
24.06.2024 07:00:00.000 GMT+0300,2325.365,2326.505,2324.025,2324.345,805289.9837
24.06.2024 08:00:00.000 GMT+0300,2324.345,2327.125,2323.535,2324.978,1349179.9831
24.06.2024 09:00:00.000 GMT+0300,2324.975,2325.215,2321.215,2323.365,1944550.0374
24.06.2024 10:00:00.000 GMT+0300,2323.325,2331.688,2321.585,2330.678,3150589.9429
24.06.2024 11:00:00.000 GMT+0300,2330.645,2332.688,2329.055,2330.458,2152329.9217
24.06.2024 12:00:00.000 GMT+0300,2330.435,2330.815,2320.625,2324.945,2224800.1099
24.06.2024 13:00:00.000 GMT+0300,2324.945,2326.978,2324.365,2325.065,1852040.0524
24.06.2024 14:00:00.000 GMT+0300,2325.048,2327.935,2324.035,2326.098,2401429.8916
24.06.2024 15:00:00.000 GMT+0300,2326.095,2327.755,2323.205,2327.458,3353990.078
24.06.2024 16:00:00.000 GMT+0300,2327.458,2333.765,2325.808,2327.955,4200980.1865
24.06.2024 17:00:00.000 GMT+0300,2327.794,2333.515,2326.815,2330.605,4493470.192
24.06.2024 18:00:00.000 GMT+0300,2330.574,2333.068,2327.408,2327.528,2996040.1058
24.06.2024 19:00:00.000 GMT+0300,2327.508,2332.085,2326.758,2331.598,3094949.9607
24.06.2024 20:00:00.000 GMT+0300,2331.575,2333.065,2330.458,2331.915,2414419.8895
24.06.2024 21:00:00.000 GMT+0300,2331.945,2334.588,2331.815,2333.718,2306689.9776
24.06.2024 22:00:00.000 GMT+0300,2333.718,2333.748,2330.818,2331.578,1934649.9443
24.06.2024 23:00:00.000 GMT+0300,2331.675,2334.595,2331.675,2333.695,468279.9876
25.06.2024 00:00:00.000 GMT+0300,2333.695,2333.695,2333.695,2333.695,0
25.06.2024 01:00:00.000 GMT+0300,2333.205,2334.395,2331.525,2331.588,405209.9884
25.06.2024 02:00:00.000 GMT+0300,2331.585,2331.788,2330.105,2330.755,422470.0034
25.06.2024 03:00:00.000 GMT+0300,2330.815,2330.835,2328.118,2329.985,968280.0174
25.06.2024 04:00:00.000 GMT+0300,2329.975,2330.758,2323.035,2325.765,2396280.0503
25.06.2024 05:00:00.000 GMT+0300,2325.708,2326.948,2324.368,2326.375,1443879.962
25.06.2024 06:00:00.000 GMT+0300,2326.375,2328.455,2323.878,2323.985,993030.0117
25.06.2024 07:00:00.000 GMT+0300,2323.985,2327.688,2322.608,2327.318,1307669.9972
25.06.2024 08:00:00.000 GMT+0300,2327.295,2330.018,2324.425,2324.855,1545770.0491
25.06.2024 09:00:00.000 GMT+0300,2324.855,2328.015,2323.318,2327.135,2906689.8823
25.06.2024 10:00:00.000 GMT+0300,2327.108,2327.565,2323.915,2324.745,2893579.9599
25.06.2024 11:00:00.000 GMT+0300,2324.695,2330.455,2322.785,2329.478,2818650.0072
25.06.2024 12:00:00.000 GMT+0300,2329.465,2333.945,2329.145,2332.958,1760859.9663
25.06.2024 13:00:00.000 GMT+0300,2332.928,2337.018,2332.478,2335.218,2908020.0195
25.06.2024 14:00:00.000 GMT+0300,2335.185,2335.718,2327.345,2329.975,3276479.9595
25.06.2024 15:00:00.000 GMT+0300,2329.965,2330.345,2323.938,2324.015,3277920.0077
25.06.2024 16:00:00.000 GMT+0300,2324.045,2327.295,2320.175,2325.465,4533329.9637
25.06.2024 17:00:00.000 GMT+0300,2325.465,2328.085,2319.375,2327.045,6302949.9054
25.06.2024 18:00:00.000 GMT+0300,2327.058,2327.618,2315.455,2324.585,4126695.1561
25.06.2024 19:00:00.000 GMT+0300,2324.645,2324.935,2315.405,2317.715,2993030.0713
25.06.2024 20:00:00.000 GMT+0300,2317.675,2320.028,2316.675,2319.018,2689549.9229
25.06.2024 21:00:00.000 GMT+0300,2319.035,2319.638,2316.925,2319.138,1767120.0037
25.06.2024 22:00:00.000 GMT+0300,2319.128,2320.488,2318.688,2319.698,1424289.9418
25.06.2024 23:00:00.000 GMT+0300,2319.698,2319.818,2317.885,2319.235,532220.006
26.06.2024 00:00:00.000 GMT+0300,2319.235,2319.235,2319.235,2319.235,0
26.06.2024 01:00:00.000 GMT+0300,2319.575,2321.128,2318.705,2320.495,691049.993
26.06.2024 02:00:00.000 GMT+0300,2320.505,2321.215,2318.545,2319.898,794279.9926
26.06.2024 03:00:00.000 GMT+0300,2319.845,2323.738,2317.648,2318.295,1270949.9598
26.06.2024 04:00:00.000 GMT+0300,2318.265,2320.638,2310.455,2312.778,3586590.0517
26.06.2024 05:00:00.000 GMT+0300,2312.755,2321.518,2312.258,2319.345,2290610.075
26.06.2024 06:00:00.000 GMT+0300,2319.325,2320.948,2316.545,2317.125,1481870.0552
26.06.2024 07:00:00.000 GMT+0300,2317.115,2317.565,2315.025,2316.685,729610.0259
26.06.2024 08:00:00.000 GMT+0300,2316.685,2318.105,2311.735,2311.998,1608860.0159
26.06.2024 09:00:00.000 GMT+0300,2311.935,2317.275,2309.608,2317.025,2706459.9991
26.06.2024 10:00:00.000 GMT+0300,2316.998,2317.235,2312.875,2315.985,1615039.9446
26.06.2024 11:00:00.000 GMT+0300,2315.985,2317.895,2312.805,2315.578,2373090.0288
26.06.2024 12:00:00.000 GMT+0300,2315.658,2318.285,2315.548,2316.248,2259880.0659
26.06.2024 13:00:00.000 GMT+0300,2316.218,2316.358,2307.598,2308.175,3465630.0545
26.06.2024 14:00:00.000 GMT+0300,2308.175,2313.878,2304.265,2312.918,4364130.0201
26.06.2024 15:00:00.000 GMT+0300,2312.925,2317.728,2310.058,2310.058,3817379.9515
26.06.2024 16:00:00.000 GMT+0300,2310.058,2311.465,2293.464,2296.145,4692389.9651
26.06.2024 17:00:00.000 GMT+0300,2296.125,2301.195,2295.258,2297.478,4283969.8792
26.06.2024 18:00:00.000 GMT+0300,2297.498,2304.035,2295.808,2299.938,2912250.042
26.06.2024 19:00:00.000 GMT+0300,2299.895,2302.095,2298.395,2299.638,1910199.9998
26.06.2024 20:00:00.000 GMT+0300,2299.615,2302.928,2299.255,2301.828,2509550.0946
26.06.2024 21:00:00.000 GMT+0300,2301.788,2301.948,2298.428,2298.855,2240380.0488
26.06.2024 22:00:00.000 GMT+0300,2298.858,2299.388,2296.835,2298.575,1671790.0038
26.06.2024 23:00:00.000 GMT+0300,2298.665,2299.148,2297.155,2298.035,598169.9824
27.06.2024 00:00:00.000 GMT+0300,2298.035,2298.035,2298.035,2298.035,0
27.06.2024 01:00:00.000 GMT+0300,2298.098,2299.055,2297.898,2298.065,424169.9874
27.06.2024 02:00:00.000 GMT+0300,2298.065,2298.405,2296.615,2298.258,521019.9952
27.06.2024 03:00:00.000 GMT+0300,2298.288,2300.025,2297.758,2298.898,1479300.0221
27.06.2024 04:00:00.000 GMT+0300,2298.905,2299.658,2296.635,2297.728,2354150.0568
27.06.2024 05:00:00.000 GMT+0300,2297.675,2299.948,2297.675,2299.198,1214650.0349
27.06.2024 06:00:00.000 GMT+0300,2299.188,2299.765,2297.918,2298.858,889079.988
27.06.2024 07:00:00.000 GMT+0300,2298.835,2301.018,2298.628,2300.355,910459.9953
27.06.2024 08:00:00.000 GMT+0300,2300.355,2300.465,2296.718,2297.408,1617689.9672
27.06.2024 09:00:00.000 GMT+0300,2297.408,2303.335,2296.425,2301.108,1935109.973
27.06.2024 10:00:00.000 GMT+0300,2301.078,2302.448,2299.865,2302.215,2828999.9962
27.06.2024 11:00:00.000 GMT+0300,2302.205,2308.298,2301.935,2307.488,3307490.1104
27.06.2024 12:00:00.000 GMT+0300,2307.465,2313.655,2307.185,2312.498,1911560.0586
27.06.2024 13:00:00.000 GMT+0300,2312.445,2315.425,2312.195,2315.068,1795060.0386
27.06.2024 14:00:00.000 GMT+0300,2315.088,2317.758,2313.275,2316.928,2909290.0753
27.06.2024 15:00:00.000 GMT+0300,2316.928,2325.655,2315.985,2322.725,3879980.0873
27.06.2024 16:00:00.000 GMT+0300,2322.738,2324.808,2319.398,2323.165,5788109.7794
27.06.2024 17:00:00.000 GMT+0300,2323.075,2330.735,2322.545,2328.868,5712719.9173
27.06.2024 18:00:00.000 GMT+0300,2328.898,2330.825,2324.965,2327.365,3500750.0648
27.06.2024 19:00:00.000 GMT+0300,2327.378,2328.198,2323.848,2325.308,2375639.9155
27.06.2024 20:00:00.000 GMT+0300,2325.308,2327.868,2324.225,2325.728,1615300.0593
27.06.2024 21:00:00.000 GMT+0300,2325.725,2326.268,2322.355,2326.148,1743460.0592
27.06.2024 22:00:00.000 GMT+0300,2326.208,2327.638,2325.545,2325.968,1707610.0111
27.06.2024 23:00:00.000 GMT+0300,2325.955,2328.445,2325.395,2327.695,576610.0287
28.06.2024 00:00:00.000 GMT+0300,2327.695,2327.695,2327.695,2327.695,0
28.06.2024 01:00:00.000 GMT+0300,2327.108,2327.915,2325.775,2326.765,180979.9969
28.06.2024 02:00:00.000 GMT+0300,2326.735,2327.818,2326.305,2327.588,415619.9992
28.06.2024 03:00:00.000 GMT+0300,2327.618,2328.185,2321.308,2321.478,1380139.9469
28.06.2024 04:00:00.000 GMT+0300,2321.474,2324.345,2318.905,2320.188,2620790.0047
28.06.2024 05:00:00.000 GMT+0300,2320.188,2324.098,2319.728,2323.538,2534250.021
28.06.2024 06:00:00.000 GMT+0300,2323.494,2324.858,2320.665,2321.638,1563060.0452
28.06.2024 07:00:00.000 GMT+0300,2321.635,2321.705,2319.645,2321.078,919089.973
28.06.2024 08:00:00.000 GMT+0300,2321.075,2326.908,2320.908,2325.608,2246279.9549
28.06.2024 09:00:00.000 GMT+0300,2325.615,2328.015,2324.978,2327.385,2227319.9558
28.06.2024 10:00:00.000 GMT+0300,2327.385,2328.748,2324.685,2327.078,1600819.9453
28.06.2024 11:00:00.000 GMT+0300,2327.145,2331.825,2326.355,2328.625,1734519.9585
28.06.2024 12:00:00.000 GMT+0300,2328.595,2330.265,2327.135,2330.225,1756070.0178
28.06.2024 13:00:00.000 GMT+0300,2330.225,2336.628,2329.335,2335.758,1527899.9805
28.06.2024 14:00:00.000 GMT+0300,2335.758,2337.068,2333.175,2333.798,2217230.0816
28.06.2024 15:00:00.000 GMT+0300,2333.798,2339.225,2330.784,2335.365,5934730.0529
28.06.2024 16:00:00.000 GMT+0300,2335.375,2339.635,2326.618,2330.115,6332009.7923
28.06.2024 17:00:00.000 GMT+0300,2330.115,2333.575,2322.745,2326.405,5450059.8907
28.06.2024 18:00:00.000 GMT+0300,2326.445,2330.308,2324.045,2328.475,3507349.968
28.06.2024 19:00:00.000 GMT+0300,2328.515,2332.468,2327.645,2329.898,2669739.9616
28.06.2024 20:00:00.000 GMT+0300,2329.855,2332.618,2326.318,2326.768,2482939.9586
28.06.2024 21:00:00.000 GMT+0300,2326.778,2328.328,2325.235,2325.668,1445109.9634
28.06.2024 22:00:00.000 GMT+0300,2325.665,2326.168,2322.918,2324.938,1498679.9955
28.06.2024 23:00:00.000 GMT+0300,2324.928,2326.675,2322.735,2326.275,813090.0264